{"cameraMode":{"drawMode":0,"name":"Shaded","section":"Shading Mode"},"sceneLighting":false,"audioPlay":false,"sceneViewState":{"m_AlwaysRefresh":false,"showFog":true,"showSkybox":false,"showFlares":true,"showImageEffects":true,"showParticleSystems":true,"showVisualEffectGraphs":true,"m_FxEnabled":true},"in2DMode":false,"pivot":{"x":-1.7602877616882325,"y":-0.9018187522888184,"z":2.1929831504821779},"rotation":{"x":-0.08536186069250107,"y":0.8546949028968811,"z":-0.1489148586988449,"w":-0.48993349075317385},"size":1.2247449159622193,"orthographic":false}